45.64.64.221,16,2019-03-08 04:31:32.074,0.003386301348818223
140.174.21.18,0,2019-03-08 04:17:34.078,0.005070184040448936
220.135.49.220,0,2019-03-08 04:27:51.573,0.0016898073686309465
176.210.146.2,16,2019-03-08 04:08:16.091,0.006491704984179114
23.212.50.47,7212,2019-03-08 04:50:25.016,0.003881880760832344
38.21.33.137,0,2019-03-08 04:52:30.501,0.004504205903694722
192.168.2.100,154,2019-03-08 04:46:52.699,0.004821903164924567
176.210.186.84,16,2019-03-08 04:18:26.578,0.0016898073686309465
52.109.8.20,91219,2019-03-08 04:07:44.942,0.0018398428743434867
210.216.103.10,0,2019-03-08 04:40:33.001,0.004345872034670516
62.11.149.135,0,2019-03-08 04:28:58.985,0.0035813011463290754
62.133.215.70,0,2019-03-08 04:43:01.421,0.006060042377829553
fe80::2ddf:1bff:b833:8f4f,103,2019-03-08 04:00:17.356,0.005486824969011065
176.210.156.67,16,2019-03-08 04:03:17.123,0.006491704984179114
94.152.59.196,16,2019-03-08 04:08:06.055,0.0037571044366083908
95.101.242.90,91212,2019-03-08 03:59:10.712,0.006066977366928303
192.168.2.58,91219,2019-03-08 03:54:14.845,0.0021891159243635347
114.142.233.225,16,2019-03-08 04:10:31.365,0.005254906887643842
177.106.115.33,16,2019-03-08 04:01:19.139,0.005254906887643842
103.243.221.17,70,2019-03-08 04:34:57.727,0.010821887590140229
192.168.2.116,768,2019-03-08 04:30:59.469,0.00904055041753216
103.61.147.54,0,2019-03-08 04:33:17.064,0.002048556214700536
10.10.10.210,12,2019-03-08 04:18:28.339,0.007023819216829687
107.165.247.155,16,2019-03-08 04:18:55.718,0.006060042377829553
115.112.18.131,5,2019-03-08 04:34:48.914,0.0027267007312057495
192.168.2.82,8,2019-03-08 04:21:29.219,0.0024143758749374934
192.168.2.60,9,2019-03-08 04:11:39.527,0.0024189947450788717
103.60.179.1,0,2019-03-08 03:52:20.944,0.0016887562713027095
155.58.38.121,0,2019-03-08 04:25:24.706,0.004504205903694722
23.91.174.2,0,2019-03-08 04:03:35.491,0.005070184040448936
176.48.83.66,16,2019-03-08 04:51:35.768,0.006491704984179114
104.207.148.66,0,2019-03-08 04:13:52.801,0.005943448088205901
173.233.75.213,0,2019-03-08 04:28:23.110,0.001622964220360599
114.142.241.101,16,2019-03-08 04:43:22.841,0.006491704984179114
45.64.65.212,16,2019-03-08 04:12:14.715,0.003386301348818223
192.168.2.9,7212,2019-03-08 03:54:28.188,0.003511826265593556
192.168.2.122,91178,2019-03-08 04:09:43.054,0.0032397014783372676
192.168.2.76,9170,2019-03-08 04:49:17.733,0.004530291861564883
159.8.18.130,16,2019-03-08 04:26:44.305,0.006060042377829553
107.1.199.246,0,2019-03-08 04:34:51.448,0.006430290765625214
104.165.25.173,16,2019-03-08 04:48:22.419,0.0035813011463290754
104.165.25.53,16,2019-03-08 04:37:46.283,0.006060042377829553
115.112.18.21,5125,2019-03-08 04:02:01.315,0.0018161552119926139
114.142.214.221,16,2019-03-08 03:49:53.949,0.005488063882353251
192.168.2.9,5126,2019-03-08 04:22:58.414,0.004412786215169052
220.135.250.126,0,2019-03-08 03:59:45.723,0.002225370985022292
192.168.2.224,188126,2019-03-08 04:46:37.428,0.003492714440142435
192.168.2.76,91178,2019-03-08 04:49:17.473,0.004530291861564883
182.73.113.205,0,2019-03-08 04:15:57.461,0.004345872034670516
23.91.175.2,0,2019-03-08 04:33:09.170,0.005070184040448936
104.165.25.63,16,2019-03-08 04:38:35.616,0.006060042377829553
94.152.52.238,16,2019-03-08 04:29:48.993,0.0037571044366083908
94.152.62.62,16,2019-03-08 04:34:49.823,0.0037571044366083908
103.61.147.58,0,2019-03-08 04:36:23.464,0.002048556214700536
103.61.147.40,0,2019-03-08 04:22:19.196,0.002048556214700536
167.99.116.83,16,2019-03-08 04:27:48.494,0.006060042377829553
176.48.186.222,16,2019-03-08 04:07:00.684,0.0075736558148756334
216.58.212.138,5212,2019-03-08 04:31:42.074,0.0018534315770672432
103.61.147.36,0,2019-03-08 04:19:08.979,0.002048556214700536
104.165.25.20,16,2019-03-08 04:34:46.929,0.0035813011463290754
172.217.167.174,91126,2019-03-08 04:00:17.388,0.0029555041943352027
20.184.14.47,91212,2019-03-08 04:04:54.817,0.00328587797184473
52.114.128.44,91212,2019-03-08 04:21:58.555,0.0016460391404980615
192.168.2.183,91233,2019-03-08 04:34:46.187,0.0018525469176892031
87.186.71.88,0,2019-03-08 03:48:50.831,0.009039038747309552
23.91.75.68,16,2019-03-08 04:38:43.469,0.006060042377829553
91.189.92.19,0,2019-03-08 04:37:52.679,0.010821887590140229
104.207.40.235,16,2019-03-08 04:38:43.478,0.0035813011463290754
104.207.40.51,16,2019-03-08 04:22:15.124,0.006060042377829553
94.152.57.82,16,2019-03-08 04:50:25.454,0.0035813011463290754
52.183.114.173,91212,2019-03-08 04:06:52.190,0.004213736621173504
168.95.157.26,0,2019-03-08 04:26:58.980,0.005070184040448936
206.80.244.172,0,2019-03-08 04:35:56.454,0.0034855769460178246
177.106.97.22,16,2019-03-08 04:48:19.275,0.004504205903694722
115.112.18.21,5219,2019-03-08 04:02:01.460,0.0018161563460795164
192.168.2.37,9,2019-03-08 03:56:26.931,0.00784206452870473
96.6.245.217,91212,2019-03-08 04:18:40.214,0.002677341499154814
186.251.184.2,0,2019-03-08 04:47:23.033,0.004345872034670516
62.11.149.90,0,2019-03-08 04:25:19.402,0.006060042377829553
72.5.150.234,0,2019-03-08 03:56:48.078,0.0016887562713027095
104.168.97.189,16,2019-03-08 04:07:09.508,0.001798396428736832
176.48.107.224,16,2019-03-08 04:40:53.667,0.006060042377829553
94.152.59.124,16,2019-03-08 04:03:18.524,0.0037571044366083908
104.207.40.74,16,2019-03-08 04:24:17.257,0.004504205903694722
114.142.213.2,16,2019-03-08 04:24:11.887,0.006491704984179114
114.142.213.47,16,2019-03-08 04:26:57.179,0.006491704984179114
94.152.62.194,16,2019-03-08 04:43:23.169,0.0016898073686309465
192.168.2.100,9168,2019-03-08 04:37:06.632,0.0027122717322967125
157.238.179.162,0,2019-03-08 03:55:41.030,0.006434246195077376
176.48.105.106,16,2019-03-08 04:44:47.208,0.006491704984179114
52.109.120.32,91125,2019-03-08 04:23:36.988,0.006433252283299392
103.61.147.51,0,2019-03-08 04:30:51.952,0.002048556214700536
45.64.64.124,16,2019-03-08 04:25:36.339,0.003386301348818223
192.168.2.236,8,2019-03-08 04:16:22.781,0.0016429906452859193
96.6.244.11,91219,2019-03-08 04:34:47.270,0.005456882290713446
192.168.2.122,87,2019-03-08 04:15:52.310,0.009005196657069375
104.168.97.245,16,2019-03-08 04:12:13.069,0.004504205903694722
176.48.80.63,16,2019-03-08 04:26:08.285,0.006491704984179114
115.112.18.131,5125,2019-03-08 04:02:01.348,0.0018177943331923292
104.111.135.231,91212,2019-03-08 04:21:38.320,0.0017130395073254247
192.168.2.236,12,2019-03-08 04:26:24.229,0.003520663687730933
104.168.97.194,16,2019-03-08 04:07:32.234,0.004504205903694722
107.154.142.167,16,2019-03-08 04:40:43.011,0.003386301348818223
4.2.2.2,5,2019-03-08 04:25:27.954,0.002772076090765326
103.243.221.46,70,2019-03-08 04:35:10.791,0.008313629470988215
192.168.2.122,91123,2019-03-08 04:26:01.030,0.004502593232002985
13.107.18.254,91125,2019-03-08 04:01:36.309,0.0016458683491279897
45.64.65.181,16,2019-03-08 04:10:25.549,0.004383288509376456
192.168.2.122,91126,2019-03-08 04:39:45.799,0.0026034212088620707
fe80::8008:18ec:d4c8:41a3,154,2019-03-08 04:38:48.505,0.010064309223350035
107.165.247.145,16,2019-03-08 04:18:05.340,0.006060042377829553
94.152.59.227,16,2019-03-08 04:10:04.479,0.0035813011463290754
172.217.166.98,188,2019-03-08 04:24:37.244,0.003883017716255749
192.168.2.6,5,2019-03-08 03:58:31.164,0.002092431090963588
192.168.2.107,9170,2019-03-08 03:58:01.188,0.002194754448879778
104.192.203.138,0,2019-03-08 04:43:01.289,0.0019274259915934054
176.210.150.132,16,2019-03-08 04:26:54.024,0.006491704984179114
45.64.64.127,16,2019-03-08 04:25:47.192,0.003386301348818223
94.152.52.194,16,2019-03-08 04:26:52.510,0.0035813011463290754
122.117.28.154,0,2019-03-08 03:59:51.964,0.004451440336365809
151.139.237.11,0,2019-03-08 04:34:40.119,0.0022211789906484564
31.13.90.1,91119,2019-03-08 04:50:30.383,0.004470602536938594
23.44.101.131,91219,2019-03-08 04:32:18.261,0.0032733850772527877
62.133.215.23,0,2019-03-08 04:41:35.284,0.006060042377829553
79.246.37.122,0,2019-03-08 03:55:58.753,0.009039038747309552
104.168.97.130,16,2019-03-08 04:01:39.257,0.006060042377829553
176.48.186.106,16,2019-03-08 04:02:30.578,0.0035813011463290754
23.91.73.241,16,2019-03-08 04:24:15.942,0.004504205903694722
45.64.64.58,16,2019-03-08 04:21:38.037,0.004383288509376456
45.64.64.6,16,2019-03-08 04:18:20.330,0.003386301348818223
45.64.65.98,16,2019-03-08 04:05:20.279,0.0037571044366083908
52.113.67.81,91125,2019-03-08 03:52:48.970,0.0043335552620916455
64.140.110.90,0,2019-03-08 03:56:20.598,0.0016887562713027095
104.248.77.56,16,2019-03-08 04:10:24.038,0.011195398599091686
114.142.213.186,16,2019-03-08 04:34:50.361,0.004504205903694722
45.64.65.110,16,2019-03-08 04:41:36.141,0.003386301348818223
192.168.2.86,70,2019-03-08 04:00:32.456,0.002151302576354534
188.40.137.20,0,2019-03-08 04:20:22.943,0.006179696104581545
62.11.149.125,0,2019-03-08 04:28:15.814,0.006060042377829553
176.210.146.234,16,2019-03-08 04:13:53.573,0.006491704984179114
176.210.150.48,16,2019-03-08 04:24:47.358,0.006491704984179114
23.44.101.33,91212,2019-03-08 04:21:01.958,0.003845575668833378
104.165.25.176,16,2019-03-08 04:48:38.366,0.004504205903694722
104.168.97.246,16,2019-03-08 04:12:22.914,0.006060042377829553
107.154.142.51,16,2019-03-08 04:32:57.172,0.00797446305166848
159.8.111.55,16,2019-03-08 04:04:41.318,0.0037571044366083908
94.152.43.14,16,2019-03-08 04:12:46.163,0.0035813011463290754
8.8.8.8,5239,2019-03-08 04:01:11.420,0.003659809841902865
13.35.227.79,91178,2019-03-08 04:16:30.818,0.008831491994288213
192.168.2.114,91239,2019-03-08 04:32:52.953,0.0021946171728660425
fe80::8ceb:2ec8:7416:7cde,12,2019-03-08 04:01:41.553,0.0026070618131694722
104.207.40.165,16,2019-03-08 04:32:32.328,0.006060042377829553
167.99.221.98,16,2019-03-08 04:41:02.990,0.0037571044366083908
23.91.73.145,16,2019-03-08 04:21:15.407,0.006060042377829553
192.168.2.247,188126,2019-03-08 04:21:37.557,0.00219472278241031
192.229.237.25,7212,2019-03-08 04:35:25.233,0.0053125113918611674
95.101.240.18,91219,2019-03-08 04:03:06.796,0.004915142908745731
94.152.59.73,16,2019-03-08 04:01:26.627,0.004504205903694722
192.168.2.88,768,2019-03-08 04:01:32.597,0.008145420491127955
40.100.29.210,91219,2019-03-08 04:24:15.460,0.0032920040101208003
192.168.2.122,18,2019-03-08 04:02:44.747,0.004502593232002985
172.217.167.170,188,2019-03-08 04:00:55.287,0.0035166285438266707
192.168.2.9,8,2019-03-08 04:33:56.417,0.003511469797060132
45.64.65.95,16,2019-03-08 04:05:09.161,0.009125882037634637
94.152.57.81,16,2019-03-08 04:50:21.864,0.004383288509376456
192.168.2.183,8,2019-03-08 04:22:49.355,0.0022225353444226626
13.250.167.63,91178,2019-03-08 04:49:18.977,0.004140523444839486
52.24.112.149,91178,2019-03-08 04:44:01.777,0.0022391975630180537
103.61.147.47,0,2019-03-08 04:27:44.238,0.002048556214700536
114.142.213.217,16,2019-03-08 04:36:50.590,0.004504205903694722
114.142.213.42,16,2019-03-08 04:26:20.934,0.004504205903694722
114.142.245.22,16,2019-03-08 04:12:46.226,0.006491704984179114
173.233.75.196,0,2019-03-08 04:26:45.678,0.006491704984179114
192.168.2.88,154,2019-03-08 04:01:28.837,0.006583368251859957
114.142.213.65,16,2019-03-08 04:27:57.379,0.006491704984179114
192.168.2.107,188126,2019-03-08 04:40:25.481,0.007492161864435739
172.217.168.234,5,2019-03-08 03:54:48.416,0.003188609702719574
52.219.62.45,91178,2019-03-08 04:13:34.398,0.0018683458707781677
23.76.211.223,91212,2019-03-08 04:51:44.047,0.0031277287936131684
103.84.152.178,0,2019-03-08 04:20:36.248,0.0073722682460984346
173.233.75.202,0,2019-03-08 04:27:22.986,0.006491704984179114
220.135.49.77,0,2019-03-08 04:25:10.652,0.0037571044366083908
107.154.142.235,16,2019-03-08 04:45:16.775,0.0017923862997777384
52.138.216.83,91212,2019-03-08 04:36:36.340,0.007293180780765545
103.61.147.61,0,2019-03-08 04:38:41.899,0.002048556214700536
fe80::f175:432c:1966:e0b6,8,2019-03-08 04:18:58.962,0.0049150857949329324
104.168.97.127,16,2019-03-08 04:01:22.766,0.006060042377829553
94.152.59.153,16,2019-03-08 04:05:11.159,0.0037571044366083908
220.135.2.110,0,2019-03-08 04:06:44.024,0.0035813011463290754
192.168.2.9,768,2019-03-08 03:52:28.172,0.008145420491127955
fe80::1516:be77:16f9:5a50,8,2019-03-08 04:33:56.418,0.004529961593571735
23.195.63.18,91212,2019-03-08 04:47:17.981,0.001646057447553347
1.34.216.43,0,2019-03-08 03:53:25.528,0.009039038747309552
96.99.87.26,0,2019-03-08 04:02:30.449,0.0060268382680156735
114.142.223.225,16,2019-03-08 03:57:33.629,0.004704054756302787
104.82.202.66,91212,2019-03-08 04:07:03.739,0.004505983961833187
fe80::8ceb:2ec8:7416:7cde,154,2019-03-08 04:05:37.618,0.00487681916203326
104.168.97.161,16,2019-03-08 04:04:30.257,0.0035813011463290754
104.207.40.5,16,2019-03-08 04:17:48.449,0.006060042377829553
192.168.2.122,91119,2019-03-08 04:13:40.109,0.0073031053513846304
23.91.115.88,0,2019-03-08 04:52:15.227,0.006060042377829553
192.168.2.236,188239,2019-03-08 04:40:43.341,0.005139445696249489
4.68.110.10,5125,2019-03-08 03:56:11.816,0.0016887562713027095
150.99.189.81,0,2019-03-08 04:37:53.359,0.005070184040448936
220.135.250.115,0,2019-03-08 03:59:34.187,0.004451272136656262
192.168.2.9,154,2019-03-08 03:49:46.075,0.0035186474290787883
45.64.64.178,16,2019-03-08 04:28:56.470,0.008391129514402192
216.58.200.136,91126,2019-03-08 04:06:17.523,0.003123198274187184
52.221.27.98,91178,2019-03-08 03:57:57.425,0.0018812180990398098
172.217.163.195,91239,2019-03-08 04:10:27.528,0.004502593232002985
194.230.225.22,0,2019-03-08 03:54:07.406,0.009039038747309552
107.165.247.240,16,2019-03-08 04:26:32.626,0.004504205903694722
176.48.105.64,16,2019-03-08 04:43:44.092,0.006491704984179114
3.0.154.52,91178,2019-03-08 04:02:11.692,0.010502025663545484
192.168.2.88,10,2019-03-08 04:34:11.510,0.004944221170577511
114.142.213.14,16,2019-03-08 04:24:41.542,0.006491704984179114
176.210.156.180,16,2019-03-08 04:05:36.787,0.006491704984179114
176.48.186.166,16,2019-03-08 04:04:27.440,0.004504205903694722
62.11.149.98,0,2019-03-08 04:25:53.130,0.006060042377829553
115.112.18.21,5212,2019-03-08 04:05:04.297,0.0027242427885548694
1.34.130.145,0,2019-03-08 04:26:17.631,0.001622964220360599
103.61.147.41,0,2019-03-08 04:23:04.878,0.002048556214700536
104.207.40.100,16,2019-03-08 04:26:37.164,0.007070049440801146
115.112.18.131,5178,2019-03-08 04:34:52.847,0.0018177931987033527
103.61.147.53,0,2019-03-08 04:32:22.591,0.002048556214700536
104.218.143.65,0,2019-03-08 04:10:09.054,0.004345872034670516
104.165.55.103,16,2019-03-08 04:28:46.206,0.006060042377829553
114.142.213.41,16,2019-03-08 04:26:14.145,0.006491704984179114
192.168.2.65,70,2019-03-08 04:09:38.130,0.002087562948452699
45.64.65.7,16,2019-03-08 04:34:49.661,0.009837653821839647
192.168.2.130,768,2019-03-08 04:38:54.655,0.007707723011131396
fe80::4a4d:7eff:fedb:eba4,8,2019-03-08 03:57:13.727,0.0030703178912156433
168.95.22.241,0,2019-03-08 04:31:54.932,0.005070184040448936
173.233.75.184,0,2019-03-08 04:25:40.480,0.006060042377829553
94.152.59.123,16,2019-03-08 04:03:11.277,0.0037571044366083908
87.250.251.119,0,2019-03-08 04:41:04.877,0.003708382679270787
104.165.25.60,16,2019-03-08 04:38:19.506,0.0035813011463290754
107.165.247.220,16,2019-03-08 04:24:45.948,0.006060042377829553
176.48.80.65,16,2019-03-08 04:26:19.490,0.0075736558148756334
192.168.2.183,70,2019-03-08 04:27:03.463,0.006350465189285955
192.168.2.224,70,2019-03-08 04:46:39.554,0.002475435403752741
107.165.247.83,16,2019-03-08 04:12:21.864,0.006060042377829553
176.210.156.114,16,2019-03-08 04:04:10.915,0.001622964220360599
192.168.2.86,91147,2019-03-08 04:00:24.925,0.0032921151612236126
23.56.162.146,91219,2019-03-08 04:02:11.742,0.004916026058035755
103.61.147.57,0,2019-03-08 04:35:38.081,0.002048556214700536
173.233.75.172,0,2019-03-08 04:24:26.971,0.001622964220360599
206.80.245.52,0,2019-03-08 04:01:54.339,0.0034851380348735793
104.168.97.137,16,2019-03-08 04:02:18.446,0.006060042377829553
176.48.186.186,16,2019-03-08 04:05:32.725,0.004504205903694722
104.165.25.68,16,2019-03-08 04:39:02.495,0.007070049440801146
176.210.156.210,16,2019-03-08 04:06:40.844,0.0035813011463290754
104.199.182.131,5,2019-03-08 03:55:39.414,0.0034727915141012557
103.243.221.109,70,2019-03-08 04:36:49.000,0.0024225305790986714
103.61.147.37,0,2019-03-08 04:19:56.868,0.002048556214700536
93.215.75.32,0,2019-03-08 03:51:09.191,0.009039038747309552
94.152.43.110,16,2019-03-08 04:18:54.541,0.001622964220360599
104.254.150.77,70,2019-03-08 04:00:18.324,0.004916026058035755
192.168.2.104,91125,2019-03-08 03:59:10.668,0.005487054211194442
65.55.163.78,91212,2019-03-08 04:14:13.295,0.00644174117723918
192.168.2.83,12,2019-03-08 04:14:01.260,0.0024758323617378284
fe80::00a9:df5f:771e:0276,154,2019-03-08 04:33:43.290,0.0016126111873609023
122.117.28.149,0,2019-03-08 03:59:47.357,0.008903601159931168
62.11.149.203,0,2019-03-08 04:34:41.494,0.007070049440801146
176.48.80.109,16,2019-03-08 04:28:09.640,0.006491704984179114
177.106.115.150,16,2019-03-08 04:03:53.631,0.003111961087596554
177.106.253.19,16,2019-03-08 04:23:13.436,0.006491704984179114
104.122.91.11,7212,2019-03-08 04:17:08.142,0.0030977690965383583
62.11.149.104,0,2019-03-08 04:26:23.985,0.006060042377829553
62.11.149.40,0,2019-03-08 04:21:10.232,0.006060042377829553
159.8.119.108,16,2019-03-08 04:29:16.423,0.005070184040448936
52.222.178.76,91178,2019-03-08 04:09:45.117,0.0020694650356607087
103.26.55.86,0,2019-03-08 04:17:12.565,0.004345872034670516
94.152.43.102,16,2019-03-08 04:18:22.279,0.0016898073686309465
94.152.59.70,16,2019-03-08 04:01:18.348,0.0029025440132727626
117.18.232.240,7,2019-03-08 04:04:27.859,0.0016460568288855445
104.111.169.5,91212,2019-03-08 04:51:54.119,0.0041398795017067724
192.168.2.96,91239,2019-03-08 04:48:16.171,0.002236298949834963
107.165.247.13,16,2019-03-08 04:06:02.465,0.004504205903694722
192.168.2.58,5126,2019-03-08 04:00:40.653,0.0016963099071402431
23.91.115.89,0,2019-03-08 04:52:20.729,0.006060042377829553
176.210.146.123,16,2019-03-08 04:11:14.351,0.006491704984179114
50.97.251.226,16,2019-03-08 04:27:16.137,0.004504205903694722
192.168.2.64,8,2019-03-08 04:34:48.493,0.0038723898549268077
103.61.147.34,0,2019-03-08 04:17:29.336,0.002048556214700536
176.48.80.56,16,2019-03-08 04:25:46.374,0.006491704984179114
94.152.59.127,16,2019-03-08 04:03:26.825,0.0035813011463290754
192.168.2.203,7212,2019-03-08 04:20:05.192,0.004303416634619774
104.94.46.70,91219,2019-03-08 04:34:49.254,0.0038077847862779237
14.142.189.118,0,2019-03-08 03:51:31.065,0.0016887562713027095
114.142.233.19,16,2019-03-08 04:00:02.173,0.004504205903694722
94.152.62.166,16,2019-03-08 04:41:36.140,0.0029025440132727626
52.219.36.133,91178,2019-03-08 04:09:44.516,0.00771873999177375
192.168.2.247,91212,2019-03-08 04:20:58.915,0.0016460404752873395
114.142.245.243,16,2019-03-08 04:23:23.754,0.004504205903694722
177.106.253.153,16,2019-03-08 04:27:03.549,0.0017213047863413814
45.64.65.63,16,2019-03-08 04:38:42.637,0.004383288509376456
104.82.69.205,91219,2019-03-08 04:34:49.334,0.004442415583990911
114.142.233.125,16,2019-03-08 04:05:11.136,0.0017923862997777384
45.64.65.30,16,2019-03-08 04:01:12.433,0.003386301348818223
23.78.216.77,768,2019-03-08 04:39:33.200,0.009735564245980178
160.80.176.1,0,2019-03-08 04:10:30.938,0.004345872034670516
8.41.222.150,0,2019-03-08 04:50:26.292,0.0029834428972825475
176.210.156.61,16,2019-03-08 04:03:11.326,0.011195398452736312
192.168.2.91,8,2019-03-08 03:55:28.626,0.0084012562350989
114.142.213.253,16,2019-03-08 04:38:42.948,0.006491704984179114
159.8.191.213,16,2019-03-08 04:01:27.176,0.001622964220360599
94.152.59.183,16,2019-03-08 04:07:11.676,0.0037571044366083908
173.241.248.143,0,2019-03-08 04:49:59.255,0.002983252209915516
23.91.122.169,0,2019-03-08 04:07:08.109,0.001798396428736832
192.168.2.166,768,2019-03-08 04:13:30.187,0.005818157493662824
13.107.42.11,91125,2019-03-08 04:01:29.335,0.00374910005736436
104.207.40.47,16,2019-03-08 04:21:57.779,0.006060042377829553
fe80::021f:55ff:fe2d:402d,9,2019-03-08 03:22:18.263,0.00452964206258364
52.94.232.32,91178,2019-03-08 04:49:24.333,0.003235922758260631
198.236.254.34,0,2019-03-08 04:06:46.933,0.005070184040448936
220.135.250.122,0,2019-03-08 03:59:42.154,0.004450197453472151
54.165.51.142,0,2019-03-08 04:45:31.290,0.009275903648691625
104.207.40.116,16,2019-03-08 04:28:03.616,0.006060042377829553
157.55.134.136,91125,2019-03-08 04:23:49.270,0.003124123511293796
96.17.200.47,7212,2019-03-08 04:50:44.049,0.004428634406553597
52.4.95.48,0,2019-03-08 04:39:01.566,0.010821887590140229
176.48.97.199,16,2019-03-08 04:21:32.604,0.006491704984179114
45.64.65.182,16,2019-03-08 04:10:29.252,0.003386301348818223
94.152.59.74,16,2019-03-08 04:01:30.577,0.004504205903694722
8.8.8.8,5212,2019-03-08 04:21:36.729,0.00784245968115369
192.168.2.58,16,2019-03-08 03:54:07.431,0.003887283604924279
45.64.65.120,16,2019-03-08 04:06:41.050,0.004178184670717255
45.64.65.78,16,2019-03-08 04:04:07.124,0.00915032429067608
173.233.75.207,0,2019-03-08 04:27:46.582,0.006491704984179114
62.11.149.144,0,2019-03-08 04:29:49.001,0.006060042377829553
192.168.2.251,10,2019-03-08 04:26:16.660,0.004608075142492198
192.168.2.86,154,2019-03-08 03:59:45.236,0.0021947391497658007
192.168.2.140,70,2019-03-08 03:50:36.688,0.0019594327478406936
52.109.64.25,91125,2019-03-08 03:56:18.306,0.009525191032101536
23.43.17.172,91219,2019-03-08 04:35:26.665,0.008256651885009023
fe80::1516:be77:16f9:5a50,154,2019-03-08 03:49:46.072,0.005720227785045573
52.114.74.44,91125,2019-03-08 04:23:40.648,0.002821387330330112
10.20.236.50,12,2019-03-08 04:38:41.696,0.0018795532458864737
104.165.55.93,16,2019-03-08 04:28:08.488,0.006491704984179114
157.240.25.55,91119,2019-03-08 04:36:31.891,0.0021960636507345364
fe80::713b:81b7:f543:d1ed,154,2019-03-08 04:16:29.597,0.005111201146485939
13.107.6.156,91219,2019-03-08 03:55:59.941,0.0023028852113481085
220.135.250.60,0,2019-03-08 03:58:32.719,0.010545545205194478
92.72.107.242,0,2019-03-08 03:49:19.176,0.009039038747309552
54.192.216.13,7178,2019-03-08 04:23:42.461,0.0021960636507345364
10.137.215.5,12,2019-03-08 04:47:18.823,0.0034894706981752647
fe80::2ddf:1bff:b833:8f4f,154,2019-03-08 03:56:27.272,0.006470109476582445
62.11.149.99,0,2019-03-08 04:26:02.176,0.006060042377829553
192.168.2.104,154,2019-03-08 03:51:05.879,0.0027431761856729913
114.142.233.109,16,2019-03-08 04:03:59.785,0.004504205903694722
4.2.2.2,5219,2019-03-08 04:28:19.413,0.005171895388530787
95.101.240.76,91212,2019-03-08 04:06:20.690,0.001888787055094968
189.125.13.230,0,2019-03-08 04:06:16.089,0.004345872034670516
202.73.96.73,0,2019-03-08 04:18:07.611,0.0034855769460178246
64.71.168.217,0,2019-03-08 04:35:05.335,0.010821887590140229
107.165.247.238,16,2019-03-08 04:26:22.204,0.006060042377829553
107.165.247.247,16,2019-03-08 04:27:14.274,0.006060042377829553
94.152.43.99,16,2019-03-08 04:18:10.096,0.0018934582570873655
114.142.223.91,16,2019-03-08 03:53:55.374,0.004704054756302787
114.142.233.248,16,2019-03-08 04:11:35.925,0.006491704984179114
114.142.241.22,16,2019-03-08 04:40:05.288,0.006797764847682783
192.168.2.88,7212,2019-03-08 04:01:33.899,0.0021524307078832107
104.165.55.70,16,2019-03-08 04:25:53.172,0.006491704984179114
45.64.64.123,16,2019-03-08 04:25:32.710,0.003386301348818223
45.64.64.64,16,2019-03-08 04:22:03.023,0.003386301348818223
192.168.2.203,188,2019-03-08 04:32:20.979,0.002151173386059563
192.168.2.122,5,2019-03-08 04:13:35.554,0.004498310194015065
40.77.226.92,91212,2019-03-08 04:38:05.993,0.005408251245463386
103.20.94.8,91233,2019-03-08 04:00:55.522,0.0022106638364234087
114.142.233.120,16,2019-03-08 04:04:54.525,0.005254906887643842
192.168.2.203,188126,2019-03-08 04:33:31.017,0.002647283033825091
192.168.2.203,768,2019-03-08 04:20:03.487,0.0021524606679994025
172.217.194.156,91126,2019-03-08 04:07:07.628,0.00771873999177375
104.207.40.112,16,2019-03-08 04:27:41.142,0.004504205903694722
8.8.8.8,5,2019-03-08 04:18:56.213,0.0036839436448544514
4.2.2.2,5212,2019-03-08 04:07:57.069,0.0029704966505750023
192.168.2.247,154,2019-03-08 04:17:03.241,0.006034077519613915
107.165.247.187,16,2019-03-08 04:21:54.896,0.006060042377829553
45.64.64.143,16,2019-03-08 04:26:45.241,0.003386301348818223
104.219.220.18,0,2019-03-08 04:22:29.962,0.005070184040448936
91.224.230.254,0,2019-03-08 04:05:51.774,0.004345872034670516
104.165.55.81,16,2019-03-08 04:26:57.502,0.006491704984179114
104.207.40.191,16,2019-03-08 04:34:47.707,0.004504205903694722
23.76.212.128,91212,2019-03-08 04:49:13.987,0.00957273699511431
45.64.65.241,16,2019-03-08 04:14:00.020,0.009355549042178515
192.168.2.58,5219,2019-03-08 03:49:45.221,0.0058685286277227276
52.109.12.18,91219,2019-03-08 04:49:38.914,0.004623898850536582
173.233.75.230,0,2019-03-08 04:30:02.023,0.006491704984179114
208.93.200.154,0,2019-03-08 04:15:30.306,0.009046719375009962
216.58.7.148,0,2019-03-08 04:03:40.009,0.001747190207708468
8.8.8.8,5125,2019-03-08 04:04:12.452,0.00340441260415577
192.254.91.10,0,2019-03-08 04:01:18.876,0.005070184040448936
fe80::881d:cc86:2149:6ee8,154,2019-03-08 04:12:42.758,0.004913416502579817
104.168.97.150,16,2019-03-08 04:03:29.482,0.004504205903694722
45.64.65.97,16,2019-03-08 04:05:16.222,0.0016898073686309465
168.95.144.114,0,2019-03-08 04:28:53.425,0.005070184040448936
168.95.156.30,0,2019-03-08 04:39:36.598,0.005070184040448936
50.202.178.141,0,2019-03-08 04:21:22.884,0.005070184040448936
192.168.2.203,10,2019-03-08 04:44:28.582,0.0035313658489379597
45.64.65.116,16,2019-03-08 04:06:26.511,0.0016898073686309465
104.45.226.98,91212,2019-03-08 04:04:18.618,0.0016429752955442825
50.116.239.135,0,2019-03-08 04:35:07.311,0.01084794133092515
107.154.114.64,16,2019-03-08 04:51:27.246,0.0037571044366083908
114.142.245.23,16,2019-03-08 04:12:52.396,0.006491704984179114
45.64.65.113,16,2019-03-08 04:41:47.135,0.010869261136253942
45.64.65.76,16,2019-03-08 04:04:03.043,0.00872188474305809
94.152.52.206,16,2019-03-08 04:27:42.892,0.0037571044366083908
94.152.62.61,16,2019-03-08 04:34:49.216,0.0037571044366083908
122.117.92.110,0,2019-03-08 04:10:34.244,0.002274447827903674
173.233.75.179,0,2019-03-08 04:25:06.332,0.001622964220360599
185.84.60.24,0,2019-03-08 04:52:26.639,0.0034806833801629723
104.207.40.118,16,2019-03-08 04:28:14.950,0.004504205903694722
104.207.40.238,16,2019-03-08 04:39:03.825,0.006060042377829553
94.152.59.229,16,2019-03-08 04:10:15.888,0.0037571044366083908
94.152.59.233,16,2019-03-08 04:10:28.432,0.0037571044366083908
94.152.62.30,16,2019-03-08 04:32:50.837,0.0037571044366083908
52.219.36.44,7178,2019-03-08 04:26:35.842,0.005746437272504132
192.168.2.100,8,2019-03-08 04:37:03.842,0.0018591393887239824
206.80.252.122,0,2019-03-08 04:35:12.371,0.005070184040448936
104.207.40.105,16,2019-03-08 04:27:03.879,0.006060042377829553
159.8.191.220,16,2019-03-08 04:01:44.066,0.004504205903694722
192.168.2.236,91178,2019-03-08 04:36:37.151,0.002747997325658986
203.84.220.183,0,2019-03-08 03:57:38.584,0.002194754448879778
fe80::80bc:9638:ddbc:0970,154,2019-03-08 04:24:19.158,0.0016386500715614646
45.64.64.155,16,2019-03-08 04:27:29.050,0.0029605346900414974
52.219.40.158,91178,2019-03-08 04:46:36.509,0.009001840758895398
209.133.90.217,0,2019-03-08 04:00:51.186,0.004345872034670516
104.168.97.184,16,2019-03-08 04:06:37.228,0.004504205903694722
94.152.62.163,16,2019-03-08 04:41:24.446,0.0037571044366083908
192.168.2.2,18,2019-03-08 04:02:44.747,0.001650795196883585
107.154.142.168,16,2019-03-08 04:40:43.521,0.0017923862997777384
107.165.247.6,16,2019-03-08 04:05:24.954,0.004504205903694722
176.48.186.212,16,2019-03-08 04:06:39.824,0.006491704984179114
23.91.73.242,16,2019-03-08 04:24:21.702,0.006060042377829553
13.78.187.58,91212,2019-03-08 04:45:07.833,0.003415024819043981
180.222.100.25,0,2019-03-08 03:57:56.835,0.00922562783052698
206.80.245.228,0,2019-03-08 04:25:06.013,0.0034855769460178246
192.168.2.116,10,2019-03-08 04:14:24.165,0.003531231347782477
107.165.247.8,16,2019-03-08 04:05:40.056,0.006060042377829553
114.142.245.136,16,2019-03-08 04:18:06.134,0.004504205903694722
52.218.36.82,91178,2019-03-08 04:40:50.819,0.009001840758895398
54.76.106.162,91178,2019-03-08 04:36:56.479,0.0029926760414414316
103.61.147.49,0,2019-03-08 04:29:21.588,0.002048556214700536
173.233.75.203,0,2019-03-08 04:27:24.374,0.006491704984179114
107.154.142.142,16,2019-03-08 04:39:04.329,0.003386301348818223
176.48.80.98,16,2019-03-08 04:27:33.048,0.006491704984179114
50.97.161.138,16,2019-03-08 04:15:00.272,0.0048707973271525295
178.21.130.50,0,2019-03-08 04:41:17.392,0.004345872034670516
62.11.149.96,0,2019-03-08 04:25:46.770,0.006060042377829553
114.142.245.48,16,2019-03-08 04:13:59.652,0.006491704984179114
23.91.73.153,16,2019-03-08 04:21:36.861,0.006060042377829553
45.64.64.65,16,2019-03-08 04:22:03.412,0.003386301348818223
171.25.189.246,0,2019-03-08 04:40:09.871,0.004345872034670516
176.48.80.24,16,2019-03-08 04:24:28.328,0.006491704984179114
176.48.80.52,16,2019-03-08 04:25:37.316,0.006491704984179114
45.64.65.8,16,2019-03-08 04:34:53.184,0.005617681434868046
62.11.149.86,0,2019-03-08 04:24:58.857,0.006060042377829553
192.168.2.140,10,2019-03-08 04:05:49.010,0.004943804700851587
192.168.2.116,70,2019-03-08 04:16:06.451,0.0017255804076855177
192.168.2.86,8,2019-03-08 04:26:16.412,0.0016460537291002532
62.11.149.47,0,2019-03-08 04:21:40.157,0.006060042377829553
192.168.2.58,154,2019-03-08 03:51:34.311,0.005784963959022865
104.165.25.55,16,2019-03-08 04:37:56.864,0.006060042377829553
176.48.186.133,16,2019-03-08 04:03:18.852,0.006491704984179114
50.33.94.9,0,2019-03-08 04:17:46.639,0.004345872034670516
104.207.40.95,16,2019-03-08 04:26:09.988,0.004504205903694722
107.165.247.9,16,2019-03-08 04:05:41.089,0.0035813011463290754
192.168.2.58,5,2019-03-08 04:29:43.310,0.006084268934565709
115.112.18.131,5219,2019-03-08 04:04:14.682,0.0018177931987033527
104.168.97.160,16,2019-03-08 04:04:25.019,0.006060042377829553
192.168.2.58,5239,2019-03-08 04:37:01.596,0.006278049863039109
192.168.2.126,8,2019-03-08 04:07:40.450,0.002945660619355984
13.107.6.163,91219,2019-03-08 03:56:02.931,0.002355856489602114
45.64.65.119,16,2019-03-08 04:06:41.019,0.009647720664479187
104.165.25.108,16,2019-03-08 04:42:38.412,0.006060042377829553
114.142.233.152,16,2019-03-08 04:06:38.337,0.004504205903694722
192.168.2.126,9,2019-03-08 04:27:35.417,0.0025989740153519294
192.168.2.100,91219,2019-03-08 04:38:29.779,0.0019373472319629428
103.61.147.43,0,2019-03-08 04:24:40.451,0.002048556214700536
176.48.80.106,16,2019-03-08 04:27:56.839,0.006491704984179114
23.76.213.100,91212,2019-03-08 04:51:25.608,0.0021945518248108658
173.233.82.152,0,2019-03-08 03:59:54.481,0.010385842098269333
fe80::021f:55ff:fe2d:402d,10,2019-03-08 03:53:00.363,0.00452964206258364
104.168.97.134,16,2019-03-08 04:02:06.203,0.0051769265450241405
192.168.2.77,8,2019-03-08 03:48:08.781,0.00556201945997306
192.168.2.135,91147,2019-03-08 04:51:22.002,0.001645914499760406
94.152.57.65,16,2019-03-08 04:49:19.006,0.0035813011463290754
192.168.2.7,5,2019-03-08 04:30:23.981,0.002986652246185973
111.221.29.254,91212,2019-03-08 04:09:23.066,0.00911012856382202
52.109.76.30,91219,2019-03-08 04:08:20.129,0.0028217177562334353
192.168.2.122,8,2019-03-08 04:02:21.964,0.004502593232002985
111.221.29.253,91212,2019-03-08 04:24:31.439,0.0049474397967578685
103.61.147.46,0,2019-03-08 04:26:58.984,0.002048556214700536
114.142.213.27,16,2019-03-08 04:25:02.489,0.004504205903694722
192.168.2.10,8,2019-03-08 04:01:01.957,0.002414776492630413
192.168.2.122,154,2019-03-08 04:02:47.173,0.00508241787110728
107.154.114.76,16,2019-03-08 04:52:15.916,0.0037571044366083908
199.115.238.22,0,2019-03-08 04:33:56.153,0.009058582152090634
192.168.2.247,188,2019-03-08 04:17:54.775,0.0018841903738073132
103.61.147.42,0,2019-03-08 04:23:52.583,0.002048556214700536
192.168.2.247,91147,2019-03-08 04:19:04.286,0.0032920886532591663
fe80::021f:55ff:fe2d:3e96,91219,2019-03-08 03:55:14.738,0.0036590857335354293
172.217.166.77,188,2019-03-08 04:27:56.628,0.003011642740415218
52.229.172.222,91212,2019-03-08 04:34:41.468,0.0032919775419526873
192.168.2.130,154,2019-03-08 03:56:27.275,0.006181936354752662
50.97.251.122,16,2019-03-08 04:25:21.831,0.006491704984179114
173.233.75.159,0,2019-03-08 04:23:14.290,0.006491704984179114
62.11.149.107,0,2019-03-08 04:26:39.389,0.006060042377829553
192.168.2.66,10,2019-03-08 03:54:13.077,0.004412786215169052
176.48.80.230,16,2019-03-08 04:32:54.115,0.0075736558148756334
45.64.65.80,16,2019-03-08 04:04:14.152,0.004383288509376456
fe80::ae5f:3eff:fef7:2fc1,8,2019-03-08 04:34:49.131,0.0031363592001732252
13.107.42.254,91125,2019-03-08 04:02:01.203,0.003296172639800944
52.109.12.22,91219,2019-03-08 04:04:05.233,0.002351239491764435
62.11.149.45,0,2019-03-08 04:21:28.207,0.006491704984179114
111.221.29.40,91212,2019-03-08 04:39:47.234,0.004030005097745215
1.34.216.240,0,2019-03-08 03:57:19.421,0.004450381081725194
114.142.233.57,16,2019-03-08 04:01:53.735,0.006491704984179114
45.64.64.4,16,2019-03-08 04:18:12.094,0.008405978672381546
10.247.242.79,12,2019-03-08 04:00:57.666,0.0018795532458864737
107.154.142.207,16,2019-03-08 04:43:22.522,0.0018934582570873655
176.48.186.118,16,2019-03-08 04:02:57.704,0.005826655386530322
94.152.57.66,16,2019-03-08 04:49:23.060,0.0035813011463290754
192.168.2.66,5212,2019-03-08 04:36:42.556,0.00436978937198674
192.168.2.91,9,2019-03-08 04:30:12.309,0.0025989740153519294
192.168.2.236,154,2019-03-08 04:16:29.606,0.006571867283763292
104.165.55.117,16,2019-03-08 04:30:00.578,0.0035813011463290754
94.152.59.208,16,2019-03-08 04:08:53.329,0.0037571044366083908
216.58.196.163,188,2019-03-08 04:04:49.091,0.0025779623920227884
216.58.197.78,188,2019-03-08 04:04:50.176,0.005867966612939655
192.168.2.122,9,2019-03-08 04:03:02.970,0.004502593232002985
173.233.75.193,0,2019-03-08 04:26:28.925,0.001622964220360599
104.207.40.64,16,2019-03-08 04:23:24.062,0.0035813011463290754
107.165.247.251,16,2019-03-08 04:27:31.657,0.001798396428736832
167.99.120.164,16,2019-03-08 04:48:22.230,0.006060042377829553
216.58.200.131,91126,2019-03-08 04:06:40.465,0.00771873999177375
122.117.28.157,0,2019-03-08 03:59:55.782,0.004451272136656262
114.142.233.116,16,2019-03-08 04:04:39.933,0.006491704984179114
114.142.245.139,16,2019-03-08 04:18:27.852,0.006491704984179114
176.48.83.91,16,2019-03-08 04:52:17.188,0.006491704984179114
45.64.64.119,16,2019-03-08 04:25:21.373,0.004383288509376456
94.152.43.34,16,2019-03-08 04:14:08.837,0.0037571044366083908
74.125.130.157,188,2019-03-08 04:09:45.975,0.001984141295903162
192.168.2.100,188126,2019-03-08 04:38:34.772,0.003882702511440061
173.241.248.220,0,2019-03-08 03:54:24.959,0.004633080288004432
107.154.142.8,16,2019-03-08 04:30:03.259,0.009536504743479272
176.210.146.116,16,2019-03-08 04:10:57.899,0.0035813011463290754
79.140.91.1,0,2019-03-08 04:39:55.553,0.004766687823165153
176.48.186.116,16,2019-03-08 04:02:50.817,0.004504205903694722
192.168.2.183,7178,2019-03-08 04:34:42.367,0.0016455205800820268
192.168.2.108,91239,2019-03-08 04:36:21.379,0.0018735346550996465
54.192.216.106,7178,2019-03-08 04:28:30.052,0.0018791152627446164
107.165.247.42,16,2019-03-08 04:08:41.348,0.004504205903694722
176.48.83.64,16,2019-03-08 04:51:24.297,0.004504205903694722
23.15.149.243,7212,2019-03-08 04:15:35.774,0.0017300692333521118
115.112.18.21,5,2019-03-08 04:36:49.829,0.0027242420313518204
104.111.168.131,91212,2019-03-08 03:59:17.361,0.006066977366928303
176.48.107.151,16,2019-03-08 04:39:07.888,0.0038840383682120293
192.168.2.9,188241,2019-03-08 04:07:55.982,0.007022944012330008
54.239.35.28,91178,2019-03-08 04:36:50.492,0.0028213957213227073
45.64.65.184,16,2019-03-08 04:10:36.390,0.003386301348818223
192.168.2.9,91125,2019-03-08 03:57:07.229,0.004919808012586619
52.98.71.210,91219,2019-03-08 04:01:07.973,0.0021923614536386716
122.117.211.41,0,2019-03-08 04:04:11.532,0.003679918259023739
173.233.82.145,0,2019-03-08 03:59:47.884,0.008903601159931168
192.168.2.108,91212,2019-03-08 04:38:08.900,0.0021859708169443674
122.117.125.92,0,2019-03-08 04:34:49.668,0.004504205903694722
96.99.77.15,0,2019-03-08 04:01:54.381,0.006012023587486922
107.165.247.73,16,2019-03-08 04:11:28.259,0.004504205903694722
94.152.59.134,16,2019-03-08 04:03:54.287,0.0035813011463290754
172.217.160.206,5,2019-03-08 03:59:58.513,0.004333633230295164
103.61.147.62,0,2019-03-08 04:39:27.104,0.002048556214700536
107.165.247.233,16,2019-03-08 04:25:55.486,0.007070049440801146
45.64.65.68,16,2019-03-08 04:03:30.514,0.004383288509376456
94.152.52.204,16,2019-03-08 04:27:31.575,0.0035813011463290754
192.168.2.89,9168,2019-03-08 04:51:56.018,0.001858855916220942
45.64.64.129,16,2019-03-08 04:25:54.446,0.003386301348818223
40.70.184.83,91212,2019-03-08 04:48:23.123,0.008172762638858737
103.84.152.177,0,2019-03-08 04:10:31.669,0.007211055382900731
173.233.75.181,0,2019-03-08 04:25:19.443,0.004178184670717255
196.0.1.217,0,2019-03-08 04:11:31.490,0.004345872034670516
104.165.55.83,16,2019-03-08 04:27:08.907,0.005254906887643842
107.165.247.231,16,2019-03-08 04:25:48.774,0.006060042377829553
94.152.59.112,16,2019-03-08 04:02:28.042,0.0037571044366083908
216.58.196.163,91126,2019-03-08 04:04:49.058,0.005207385759279389
103.225.205.30,0,2019-03-08 03:58:44.321,0.0016887562713027095
192.168.2.251,154,2019-03-08 04:45:59.538,0.01066749073323429
104.165.25.217,16,2019-03-08 04:52:20.684,0.0035813011463290754
167.99.51.182,16,2019-03-08 04:12:03.705,0.006060042377829553
192.168.2.66,5,2019-03-08 04:22:52.967,0.004636207270381342
fe80::3c48:a946:4074:cdea,154,2019-03-08 04:37:17.739,0.0032707533288904842
94.152.62.164,16,2019-03-08 04:41:24.857,0.0035813011463290754
52.109.124.84,91125,2019-03-08 03:56:09.033,0.008453794812639586
104.218.74.226,0,2019-03-08 04:19:49.352,0.004345872034670516
78.28.196.81,0,2019-03-08 04:40:38.644,0.004345872034670516
45.64.65.100,16,2019-03-08 04:05:27.644,0.003386301348818223
103.61.147.39,0,2019-03-08 04:21:27.223,0.002048556214700536
45.64.65.92,16,2019-03-08 04:05:01.371,0.00967210655156404
192.168.2.108,7147,2019-03-08 04:39:15.936,0.0043719372018470115
23.56.162.146,91212,2019-03-08 04:50:13.990,0.009029171700275842
52.114.40.24,91212,2019-03-08 04:34:47.592,0.0028213957213227073
216.220.35.217,0,2019-03-08 04:41:19.571,0.005070184040448936
::,18,2019-03-08 04:34:46.785,0.002415086856334026
192.168.2.90,70,2019-03-08 04:34:09.909,0.0038230102113449693
40.126.17.129,91219,2019-03-08 04:17:21.365,0.0035193693866486697
fe80::881d:cc86:2149:6ee8,12,2019-03-08 04:12:44.748,0.004913416502579817
104.165.25.104,16,2019-03-08 04:42:17.486,0.006060042377829553
114.142.233.111,16,2019-03-08 04:04:12.628,0.0075736558148756334
94.152.57.83,16,2019-03-08 04:50:29.637,0.0037571044366083908
192.168.2.107,5119,2019-03-08 03:53:44.480,0.003840821917393114
52.114.32.7,91125,2019-03-08 03:54:14.661,0.0017143621607275993
114.142.213.66,16,2019-03-08 04:27:59.328,0.006491704984179114
104.207.40.12,16,2019-03-08 04:18:27.714,0.006060042377829553
35.187.220.67,5212,2019-03-08 04:36:49.081,0.0018525469176892031
192.168.2.140,768,2019-03-08 04:20:54.557,0.0021943851247605887
192.168.2.203,91147,2019-03-08 04:22:43.082,0.0032920891543132694
103.61.147.52,0,2019-03-08 04:31:37.225,0.002048556214700536
220.135.2.97,0,2019-03-08 04:06:30.503,0.004511579176800487
220.135.231.223,0,2019-03-08 03:54:58.834,0.009039038747309552
192.168.2.122,10,2019-03-08 04:02:20.349,0.004506659708673527
104.165.55.89,16,2019-03-08 04:27:43.867,0.005254906887643842
45.64.64.125,16,2019-03-08 04:25:40.149,0.007974980949270962
94.152.52.198,16,2019-03-08 04:27:08.309,0.0037571044366083908
67.46.6.47,0,2019-03-08 04:28:18.481,0.0016898073686309465
45.64.64.130,16,2019-03-08 04:25:58.066,0.003386301348818223
94.152.59.78,16,2019-03-08 04:01:46.537,0.004383288509376456
103.80.245.7,0,2019-03-08 03:52:09.659,0.010544597448270092
208.79.61.218,0,2019-03-08 04:12:58.878,0.005070184040448936
177.106.97.71,16,2019-03-08 04:50:20.359,0.005254906887643842
52.222.176.94,91178,2019-03-08 04:49:34.024,0.010472181527251224
192.168.2.114,91219,2019-03-08 04:33:40.919,0.001646101601024618
192.168.2.119,91219,2019-03-08 04:23:17.379,0.002028796634797906
103.61.147.44,0,2019-03-08 04:25:25.636,0.002048556214700536
45.64.64.134,16,2019-03-08 04:26:12.563,0.003386301348818223
220.247.160.133,0,2019-03-08 04:16:50.229,0.0027068049598895625
45.64.64.179,16,2019-03-08 04:28:56.714,0.003386301348818223
94.152.59.136,16,2019-03-08 04:04:02.956,0.0037571044366083908
8.8.8.8,5233,2019-03-08 03:59:56.964,0.003659809841902865
192.168.2.66,91239,2019-03-08 04:24:26.973,0.00315199015369218
10.186.3.165,12,2019-03-08 04:05:19.646,0.0018795532458864737
103.61.147.48,0,2019-03-08 04:28:29.609,0.002048556214700536
216.58.212.234,5,2019-03-08 04:20:31.009,0.0018534315770672432
192.168.2.9,70,2019-03-08 03:58:07.646,0.0018525469176892031
fe80::419a:77dd:fe60:901f,8,2019-03-08 03:32:20.570,0.00556201945997306
52.109.12.18,91212,2019-03-08 04:38:40.370,0.00580379410996289
104.248.61.85,16,2019-03-08 04:40:28.230,0.001622964220360599
114.142.233.46,16,2019-03-08 04:01:20.938,0.006491704984179114
45.64.64.128,16,2019-03-08 04:25:51.029,0.006978504526323637
94.152.59.171,16,2019-03-08 04:06:23.328,0.0016898073686309465
94.152.62.120,16,2019-03-08 04:38:35.844,0.0035813011463290754
192.168.2.117,9,2019-03-08 03:57:15.029,0.0053812981447771725
12.118.26.249,0,2019-03-08 04:40:51.092,0.004766687823165153
104.207.40.4,16,2019-03-08 04:17:42.759,0.001622964220360599
176.48.186.73,16,2019-03-08 04:01:46.086,0.004504205903694722
23.91.75.124,16,2019-03-08 04:41:36.136,0.006060042377829553
45.64.65.75,16,2019-03-08 04:03:59.193,0.004383288509376456
94.152.62.31,16,2019-03-08 04:32:54.818,0.0037571044366083908
23.91.122.239,0,2019-03-08 04:10:24.906,0.004504205903694722
52.200.53.117,0,2019-03-08 04:34:51.710,0.0021743467517333355
62.11.149.105,0,2019-03-08 04:26:28.885,0.0035813011463290754
104.168.97.224,16,2019-03-08 04:10:17.419,0.004504205903694722
94.152.43.55,16,2019-03-08 04:15:27.699,0.0037571044366083908
104.207.40.149,16,2019-03-08 04:31:05.985,0.006060042377829553
114.142.213.77,16,2019-03-08 04:28:22.771,0.004504205903694722
45.64.64.131,16,2019-03-08 04:26:01.693,0.003386301348818223
192.168.2.100,91126,2019-03-08 04:37:10.483,0.003488933289157058
23.43.17.172,91212,2019-03-08 04:37:05.789,0.009364104171096538
23.91.73.73,16,2019-03-08 04:18:11.137,0.004529394939205822
172.217.163.42,188,2019-03-08 04:32:14.058,0.0018969102546316301
fe80::af77:5eba:c332:c761,8,2019-03-08 03:32:20.571,0.0039728710428379
157.240.24.31,91119,2019-03-08 04:36:37.053,0.006317980743966483
1.34.137.237,0,2019-03-08 04:43:12.748,0.0035813011463290754
119.161.10.11,0,2019-03-08 03:57:53.081,0.002194754448879778
149.14.222.10,0,2019-03-08 04:02:08.449,0.004766687823165153
168.95.23.241,0,2019-03-08 04:02:57.417,0.005070184040448936
104.207.40.137,16,2019-03-08 04:30:01.728,0.006060042377829553
23.78.218.53,768,2019-03-08 04:38:58.498,0.006434529481538778
107.154.142.160,16,2019-03-08 04:40:11.163,0.0037571044366083908
45.64.65.189,16,2019-03-08 04:10:51.195,0.004178184670717255
94.152.59.240,16,2019-03-08 04:10:55.840,0.0035813011463290754
192.168.2.126,70,2019-03-08 03:54:25.634,0.004178844317516748
107.165.247.230,16,2019-03-08 04:25:39.112,0.001622964220360599
216.58.196.174,188,2019-03-08 04:38:40.855,0.003283430401468246
168.95.145.98,0,2019-03-08 03:54:48.940,0.0016887562713027095
45.64.64.175,16,2019-03-08 04:28:42.074,0.008405978634054435
104.168.97.225,16,2019-03-08 04:10:23.279,0.006060042377829553
45.64.65.118,16,2019-03-08 04:06:34.094,0.008334972338611865
1.34.216.238,0,2019-03-08 03:57:18.140,0.004451272136656262
173.233.75.134,0,2019-03-08 04:21:02.192,0.006491704984179114
45.64.65.178,16,2019-03-08 04:10:11.417,0.0018934582570873655
192.168.2.58,188126,2019-03-08 03:59:11.283,0.006186651176936927
192.168.2.66,91219,2019-03-08 04:09:53.199,0.0024008838697034585
192.168.2.64,91239,2019-03-08 04:35:12.097,0.0020694650356607013
192.168.2.88,9168,2019-03-08 04:15:21.188,0.0021944890502327897
62.11.149.95,0,2019-03-08 04:25:37.720,0.006060042377829553
104.207.40.91,16,2019-03-08 04:25:52.713,0.006060042377829553
159.8.242.69,16,2019-03-08 04:19:23.695,0.0036549386657781357
177.106.99.127,16,2019-03-08 04:11:28.783,0.006491704984179114
177.106.99.190,16,2019-03-08 04:14:00.177,0.006491704984179114
192.168.1.110,10,2019-03-08 03:55:08.843,0.0030128567244544777
fe80::0a9e:01ff:fe7a:ef24,5,2019-03-08 03:57:44.627,0.0038745324575882234
1.34.110.244,0,2019-03-08 04:03:09.918,0.006491704984179114
192.168.2.58,10,2019-03-08 04:45:28.447,0.0059896256195934635
13.107.136.254,91212,2019-03-08 04:25:39.041,0.003296207716142895
168.95.91.89,0,2019-03-08 03:55:16.436,0.0016887562713027095
107.165.247.242,16,2019-03-08 04:26:47.577,0.006060042377829553
192.168.2.5,5,2019-03-08 03:56:06.043,0.002092431090963588
4.14.234.250,5125,2019-03-08 03:54:03.453,0.0016887562713027095
114.142.241.100,16,2019-03-08 04:43:11.884,0.006491704984179114
176.48.107.71,16,2019-03-08 04:36:50.495,0.006491704984179114
192.168.2.58,5212,2019-03-08 04:33:42.272,0.004250888572552685
192.168.2.183,91126,2019-03-08 04:34:39.996,0.0026367408740047902
208.79.60.210,0,2019-03-08 04:36:02.915,0.005070184040448936
114.142.233.49,16,2019-03-08 04:01:24.813,0.006491704984179114
45.64.65.37,16,2019-03-08 04:01:37.759,0.003386301348818223
192.168.2.122,70,2019-03-08 04:13:34.399,0.004502593232002985
220.135.180.86,0,2019-03-08 04:41:03.506,0.0035813011463290754
62.11.149.102,0,2019-03-08 04:26:13.477,0.0035813011463290754
114.142.233.128,16,2019-03-08 04:05:31.018,0.006491704984179114
176.48.186.138,16,2019-03-08 04:03:28.739,0.0075736558148756334
192.168.2.91,7169,2019-03-08 04:37:41.768,0.0018525469176892031
1.34.110.245,0,2019-03-08 04:03:20.453,0.006491704984179114
23.21.246.28,0,2019-03-08 04:48:13.075,0.004470602536938594
45.64.65.136,16,2019-03-08 04:43:07.124,0.01086694188766719
94.152.52.197,16,2019-03-08 04:27:04.244,0.0035813011463290754
94.152.59.176,16,2019-03-08 04:06:44.045,0.0037571044366083908
192.168.2.66,188126,2019-03-08 04:01:33.942,0.0026136326668110207
192.168.2.104,5212,2019-03-08 04:05:32.636,0.006584281895193011
209.191.163.213,0,2019-03-08 04:50:26.313,0.004593090117734131
fe80::71d5:b537:a6e4:d239,103,2019-03-08 04:45:04.754,0.004829257228983248
176.48.97.208,16,2019-03-08 04:21:42.425,0.004504205903694722
172.217.163.78,188126,2019-03-08 04:06:39.564,0.0038572042646574556
172.217.160.206,5125,2019-03-08 04:18:51.037,0.01033183494343687
192.168.2.247,10,2019-03-08 04:28:16.215,0.002194708508071124
159.8.191.216,16,2019-03-08 04:01:33.497,0.004504205903694722
45.64.65.99,16,2019-03-08 04:05:27.136,0.004383288509376456
96.1.213.61,12,2019-03-08 04:16:45.733,0.0018795532458864737
104.207.40.170,16,2019-03-08 04:32:54.834,0.001622964220360599
206.214.154.190,0,2019-03-08 04:35:20.244,0.005294412744325031
66.198.11.49,0,2019-03-08 04:23:40.377,0.005070184040448936
192.168.2.166,10,2019-03-08 04:28:47.991,0.003531223120539786
192.168.1.110,12,2019-03-08 03:55:53.192,0.0049165357574275015
8.8.8.8,5219,2019-03-08 04:04:41.521,0.00731962669659025
68.67.178.196,70,2019-03-08 04:51:26.881,0.0031769294853634606
52.11.97.247,91178,2019-03-08 04:42:26.064,0.008976155594786407
176.48.80.139,16,2019-03-08 04:29:02.553,0.0016898073686309465
94.152.43.105,16,2019-03-08 04:18:34.771,0.0035813011463290754
192.168.2.122,188126,2019-03-08 04:06:40.291,0.004502593232002985
192.168.2.100,768,2019-03-08 04:39:22.102,0.0016273593360198214
95.101.242.90,91219,2019-03-08 04:03:02.652,0.0038692452757098034
176.48.97.98,16,2019-03-08 04:18:04.194,0.006491704984179114
172.16.0.2,12,2019-03-08 03:58:14.058,0.0020694650356607087
192.168.2.58,12,2019-03-08 04:51:23.826,6.698380066468319E-4
177.106.99.147,16,2019-03-08 04:12:15.804,0.011195399023906566
172.217.166.109,188,2019-03-08 04:04:42.109,0.0019604262128919106
115.112.18.131,5212,2019-03-08 04:03:48.772,0.002726701486635127
